[
  {
    "question": "Actinium",
    "answer": "Ac"
  },
  {
    "question": "Aluminum",
    "answer": "Al"
  },
  {
    "question": "Antimony",
    "answer": "Sb"
  },
  {
    "question": "Silver",
    "answer": "Ag"
  },
  {
    "question": "Argon",
    "answer": "Ar"
  },
  {
    "question": "Arsenic",
    "answer": "As"
  },
  {
    "question": "Astatine",
    "answer": "At"
  },
  {
    "question": "Gold",
    "answer": "Au"
  },
  {
    "question": "Barium",
    "answer": "Ba"
  },
  {
    "question": "Sulfur",
    "answer": "S"
  },
  {
    "question": "Berkelium",
    "answer": "Bk"
  },
  {
    "question": "Beryllium",
    "answer": "Be"
  },
  {
    "question": "Iron",
    "answer": "Fe"
  },
  {
    "question": "Bismuth",
    "answer": "Bi"
  },
  {
    "question": "Bohrium",
    "answer": "Bh"
  },
  {
    "question": "Boron",
    "answer": "B"
  },
  {
    "question": "Bromine",
    "answer": "Br"
  },
  {
    "question": "Copper",
    "answer": "Cu"
  },
  {
    "question": "Darmstadtium",
    "answer": "Ds"
  },
  {
    "question": "Dubnium",
    "answer": "Db"
  },
  {
    "question": "Dysprosium",
    "answer": "Dy"
  },
  {
    "question": "Einsteinium",
    "answer": "Es"
  },
  {
    "question": "Gold",
    "answer": "Au"
  },
  {
    "question": "Erbium",
    "answer": "Er"
  },
  {
    "question": "Europium",
    "answer": "Eu"
  },
  {
    "question": "Fermium",
    "answer": "Fm"
  },
  {
    "question": "Iron",
    "answer": "Fe"
  },
  {
    "question": "Flerovium",
    "answer": "Fl"
  },
  {
    "question": "Fluorine",
    "answer": "F"
  },
  {
    "question": "Phosphorus",
    "answer": "P"
  },
  {
    "question": "Francium",
    "answer": "Fr"
  },
  {
    "question": "Gadolinium",
    "answer": "Gd"
  },
  {
    "question": "Gallium",
    "answer": "Ga"
  },
  {
    "question": "Germanium",
    "answer": "Ge"
  },
  {
    "question": "Hafnium",
    "answer": "Hf"
  },
  {
    "question": "Hassium",
    "answer": "Hs"
  },
  {
    "question": "Helium",
    "answer": "He"
  },
  {
    "question": "Hydrogen",
    "answer": "H"
  },
  {
    "question": "Holmium",
    "answer": "Ho"
  },
  {
    "question": "Mercury",
    "answer": "Hg"
  },
  {
    "question": "Indium",
    "answer": "In"
  },
  {
    "question": "Iodine",
    "answer": "I"
  },
  {
    "question": "Iridium",
    "answer": "Ir"
  },
  {
    "question": "Ytterbium",
    "answer": "Yb"
  },
  {
    "question": "Yttrium",
    "answer": "Y"
  },
  {
    "question": "Cadmium",
    "answer": "Cd"
  },
  {
    "question": "Potassium",
    "answer": "K"
  },
  {
    "question": "Calcium",
    "answer": "Ca"
  },
  {
    "question": "Californium",
    "answer": "Cf"
  },
  {
    "question": "Carbon",
    "answer": "C"
  },
  {
    "question": "Chlorine",
    "answer": "Cl"
  },
  {
    "question": "Chromium",
    "answer": "Cr"
  },
  {
    "question": "Cobalt",
    "answer": "Co"
  },
  {
    "question": "Copernicium",
    "answer": "Cn"
  },
  {
    "question": "Curium",
    "answer": "Cm"
  },
  {
    "question": "Krypton",
    "answer": "Kr"
  },
  {
    "question": "Lanthanum",
    "answer": "La"
  },
  {
    "question": "Lawrencium",
    "answer": "Lr"
  },
  {
    "question": "Lithium",
    "answer": "Li"
  },
  {
    "question": "Livermorium",
    "answer": "Lv"
  },
  {
    "question": "Lutetium",
    "answer": "Lu"
  },
  {
    "question": "Magnesium",
    "answer": "Mg"
  },
  {
    "question": "Manganese",
    "answer": "Mn"
  },
  {
    "question": "Meitnerium",
    "answer": "Mt"
  },
  {
    "question": "Mendelevium",
    "answer": "Md"
  },
  {
    "question": "Molybdenum",
    "answer": "Mo"
  },
  {
    "question": "Sodium",
    "answer": "Na"
  },
  {
    "question": "Neodymium",
    "answer": "Nd"
  },
  {
    "question": "Neon",
    "answer": "Ne"
  },
  {
    "question": "Neptunium",
    "answer": "Np"
  },
  {
    "question": "Nickel",
    "answer": "Ni"
  },
  {
    "question": "Niobium",
    "answer": "Nb"
  },
  {
    "question": "Nitrogen",
    "answer": "N"
  },
  {
    "question": "Nobelium",
    "answer": "No"
  },
  {
    "question": "Osmium",
    "answer": "Os"
  },
  {
    "question": "Oxygen",
    "answer": "O"
  },
  {
    "question": "Palladium",
    "answer": "Pd"
  },
  {
    "question": "Silver",
    "answer": "Ag"
  },
  {
    "question": "Lead",
    "answer": "Pb"
  },
  {
    "question": "Potassium",
    "answer": "K"
  },
  {
    "question": "Sodium",
    "answer": "Na"
  },
  {
    "question": "Platinum",
    "answer": "Pt"
  },
  {
    "question": "Plutonium",
    "answer": "Pu"
  },
  {
    "question": "Polonium",
    "answer": "Po"
  },
  {
    "question": "Praseodymium",
    "answer": "Pr"
  },
  {
    "question": "Promethium",
    "answer": "Pm"
  },
  {
    "question": "Protactinium",
    "answer": "Pa"
  },
  {
    "question": "Radium",
    "answer": "Ra"
  },
  {
    "question": "Radon",
    "answer": "Rn"
  },
  {
    "question": "Rhenium",
    "answer": "Re"
  },
  {
    "question": "Rhodium",
    "answer": "Rh"
  },
  {
    "question": "Roentgenium",
    "answer": "Rg"
  },
  {
    "question": "Rubidium",
    "answer": "Rb"
  },
  {
    "question": "Ruthenium",
    "answer": "Ru"
  },
  {
    "question": "Rutherfordium",
    "answer": "Rf"
  },
  {
    "question": "Samarium",
    "answer": "Sm"
  },
  {
    "question": "Scandium",
    "answer": "Sc"
  },
  {
    "question": "Seaborgium",
    "answer": "Sg"
  },
  {
    "question": "Selenium",
    "answer": "Se"
  },
  {
    "question": "Cerium",
    "answer": "Ce"
  },
  {
    "question": "Cesium",
    "answer": "Cs"
  },
  {
    "question": "Silicon",
    "answer": "Si"
  },
  {
    "question": "Zinc",
    "answer": "Zn"
  },
  {
    "question": "Tin",
    "answer": "Sn"
  },
  {
    "question": "Antimony",
    "answer": "Sb"
  },
  {
    "question": "Strontium",
    "answer": "Sr"
  },
  {
    "question": "Thallium",
    "answer": "Tl"
  },
  {
    "question": "Tantalum",
    "answer": "Ta"
  },
  {
    "question": "Technetium",
    "answer": "Tc"
  },
  {
    "question": "Tellurium",
    "answer": "Te"
  },
  {
    "question": "Copper",
    "answer": "Cu"
  },
  {
    "question": "Terbium",
    "answer": "Tb"
  },
  {
    "question": "Tin",
    "answer": "Sn"
  },
  {
    "question": "Lead",
    "answer": "Pb"
  },
  {
    "question": "Titanium",
    "answer": "Ti"
  },
  {
    "question": "Thorium",
    "answer": "Th"
  },
  {
    "question": "Thulium",
    "answer": "Tm"
  },
  {
    "question": "Tungsten",
    "answer": "W"
  },
  {
    "question": "Oganesson",
    "answer": "Og"
  },
  {
    "question": "Moscovium",
    "answer": "Mc"
  },
  {
    "question": "Nihonium",
    "answer": "Nh"
  },
  {
    "question": "Uranium",
    "answer": "U"
  },
  {
    "question": "Vanadium",
    "answer": "V"
  },
  {
    "question": "Xenon",
    "answer": "Xe"
  },
  {
    "question": "Zirconium",
    "answer": "Zr"
  }
]
