[
  {
      "question": "🇨🇬",
      "answer": "Congo - Brazzaville"
  },
  {
      "question": "🇦🇽",
      "answer": "Åland Islands"
  },
  {
      "question": "🇰🇲",
      "answer": "Comoros"
  },
  {
      "question": "🇨🇦",
      "answer": "Canada"
  },
  {
      "question": "🇬🇾",
      "answer": "Guyana"
  },
  {
      "question": "🇦🇸",
      "answer": "American Samoa"
  },
  {
      "question": "🇸🇴",
      "answer": "Somalia"
  },
  {
      "question": "🇰🇷",
      "answer": "South Korea"
  },
  {
      "question": "🇲🇩",
      "answer": "Moldova"
  },
  {
      "question": "🇳🇷",
      "answer": "Nauru"
  },
  {
      "question": "🇩🇪",
      "answer": "Germany"
  },
  {
      "question": "🇵🇲",
      "answer": "St. Pierre & Miquelon"
  },
  {
      "question": "🇲🇹",
      "answer": "Malta"
  },
  {
      "question": "🇱🇸",
      "answer": "Lesotho"
  },
  {
      "question": "🇱🇦",
      "answer": "Laos"
  },
  {
      "question": "🇵🇱",
      "answer": "Poland"
  },
  {
      "question": "🇦🇷",
      "answer": "Argentina"
  },
  {
      "question": "🇻🇮",
      "answer": "U.S. Virgin Islands"
  },
  {
      "question": "🇵🇲",
      "answer": "St. Pierre & Miquelon"
  },
  {
      "question": "🇵🇬",
      "answer": "Papua New Guinea"
  },
  {
      "question": "🇹🇯",
      "answer": "Tajikistan"
  },
  {
      "question": "🇸🇻",
      "answer": "El Salvador"
  },
  {
      "question": "🇹🇴",
      "answer": "Tonga"
  },
  {
      "question": "🇪🇪",
      "answer": "Estonia"
  },
  {
      "question": "🇨🇰",
      "answer": "Cook Islands"
  },
  {
      "question": "🇲🇼",
      "answer": "Malawi"
  },
  {
      "question": "🇵🇪",
      "answer": "Peru"
  },
  {
      "question": "🇧🇯",
      "answer": "Benin"
  },
  {
      "question": "🇲🇦",
      "answer": "Morocco"
  },
  {
      "question": "🇸🇲",
      "answer": "San Marino"
  },
  {
      "question": "🇬🇷",
      "answer": "Greece"
  },
  {
      "question": "🇺🇸",
      "answer": "United States"
  },
  {
      "question": "🇮🇪",
      "answer": "Ireland"
  },
  {
      "question": "🇲🇼",
      "answer": "Malawi"
  },
  {
      "question": "🇪🇹",
      "answer": "Ethiopia"
  },
  {
      "question": "🇹🇰",
      "answer": "Tokelau"
  },
  {
      "question": "🇯🇪",
      "answer": "Jersey"
  },
  {
      "question": "🇦🇬",
      "answer": "Antigua & Barbuda"
  },
  {
      "question": "🇩🇯",
      "answer": "Djibouti"
  },
  {
      "question": "🇦🇩",
      "answer": "Andorra"
  },
  {
      "question": "🇦🇫",
      "answer": "Afghanistan"
  },
  {
      "question": "🇻🇪",
      "answer": "Venezuela"
  },
  {
      "question": "🇹🇿",
      "answer": "Tanzania"
  },
  {
      "question": "🇦🇶",
      "answer": "Antarctica"
  },
  {
      "question": "🇸🇻",
      "answer": "El Salvador"
  },
  {
      "question": "🇭🇺",
      "answer": "Hungary"
  },
  {
      "question": "🇹🇲",
      "answer": "Turkmenistan"
  },
  {
      "question": "🇧🇸",
      "answer": "Bahamas"
  },
  {
      "question": "🇬🇩",
      "answer": "Grenada"
  },
  {
      "question": "🇨🇿",
      "answer": "Czechia"
  },
  {
      "question": "🇵🇦",
      "answer": "Panama"
  },
  {
      "question": "🇵🇫",
      "answer": "French Polynesia"
  },
  {
      "question": "🇳🇨",
      "answer": "New Caledonia"
  },
  {
      "question": "🏴󠁧󠁢󠁳󠁣󠁴󠁿",
      "answer": "Scotland"
  },
  {
      "question": "🇯🇲",
      "answer": "Jamaica"
  },
  {
      "question": "🇩🇲",
      "answer": "Dominica"
  },
  {
      "question": "🇸🇴",
      "answer": "Somalia"
  },
  {
      "question": "🇪🇺",
      "answer": "European Union"
  },
  {
      "question": "🇧🇦",
      "answer": "Bosnia & Herzegovina"
  },
  {
      "question": "🇸🇨",
      "answer": "Seychelles"
  },
  {
      "question": "🇵🇪",
      "answer": "Peru"
  },
  {
      "question": "🇵🇲",
      "answer": "St. Pierre & Miquelon"
  },
  {
      "question": "🇦🇴",
      "answer": "Angola"
  },
  {
      "question": "🇧🇳",
      "answer": "Brunei"
  },
  {
      "question": "🇧🇭",
      "answer": "Bahrain"
  },
  {
      "question": "🇬🇹",
      "answer": "Guatemala"
  },
  {
      "question": "🇻🇬",
      "answer": "British Virgin Islands"
  },
  {
      "question": "🇭🇷",
      "answer": "Croatia"
  },
  {
      "question": "🇲🇿",
      "answer": "Mozambique"
  },
  {
      "question": "🇷🇺",
      "answer": "Russia"
  },
  {
      "question": "🇻🇮",
      "answer": "U.S. Virgin Islands"
  },
  {
      "question": "🇵🇳",
      "answer": "Pitcairn Islands"
  },
  {
      "question": "🇬🇸",
      "answer": "South Georgia & South Sandwich Islands"
  },
  {
      "question": "🇺🇬",
      "answer": "Uganda"
  },
  {
      "question": "🇩🇯",
      "answer": "Djibouti"
  },
  {
      "question": "🇹🇫",
      "answer": "French Southern Territories"
  },
  {
      "question": "🇱🇮",
      "answer": "Liechtenstein"
  },
  {
      "question": "🇬🇼",
      "answer": "Guinea-Bissau"
  },
  {
      "question": "🇸🇹",
      "answer": "Sao Tome & Principe"
  },
  {
      "question": "🇮🇩",
      "answer": "Indonesia"
  },
  {
      "question": "🇮🇪",
      "answer": "Ireland"
  },
  {
      "question": "🇸🇽",
      "answer": "Sint Maarten"
  },
  {
      "question": "🇱🇦",
      "answer": "Laos"
  },
  {
      "question": "🇫🇲",
      "answer": "Micronesia"
  },
  {
      "question": "🇵🇱",
      "answer": "Poland"
  },
  {
      "question": "🇰🇵",
      "answer": "North Korea"
  }
]
