[
  {
    "index": 0,
    "question": "Place, Ticket, Popcorn, Movie, Building",
    "answer": "MOVIE THEATER"
  },
  {
    "index": 1,
    "question": "Profession, Sea, Net, Fish, Boat",
    "answer": "FISHERMAN"
  },
  {
    "index": 2,
    "question": "Shoes, Net, Racket, Shuttlecock",
    "answer": "BADMINTON"
  },
  {
    "index": 3,
    "question": "Bottle, Fruits, Vegetables, Cold",
    "answer": "REFRIGERATOR"
  },
  {
    "index": 4,
    "question": "Deer, Forest, Rifle, Target",
    "answer": "HUNTER"
  },
  {
    "index": 5,
    "question": "Night, Mattress, Pillow, Closed eyes",
    "answer": "SLEEP"
  },
  {
    "index": 6,
    "question": "Electricity, Antenna, Broadcast, Remote",
    "answer": "TELEVISION"
  },
  {
    "index": 7,
    "question": "Road, Siren, Sick person, Fast",
    "answer": "AMBULANCE"
  },
  {
    "index": 8,
    "question": "Cheese, Cow, Glass, Baby",
    "answer": "MILK"
  },
  {
    "index": 9,
    "question": "Money, Pay, Pocket, ATM Card",
    "answer": "WALLET"
  },
  {
    "index": 10,
    "question": "Object, Thief, Hand, Police, Key",
    "answer": "HANDCUFFS"
  },
  {
    "index": 11,
    "question": "Profession, Magnifying glass, Mystery",
    "answer": "DETECTIVE"
  },
  {
    "index": 12,
    "question": "Object, Sharp, Cut Fruit",
    "answer": "KNIFE"
  },
  {
    "index": 13,
    "question": "Place, Hungry, Eat, Chef, Price list",
    "answer": "RESTAURANT"
  },
  {
    "index": 14,
    "question": "Object, A pair, Right, Left, Run",
    "answer": "SHOES"
  },
  {
    "index": 15,
    "question": "Living thing, Matador, Horns",
    "answer": "BULL"
  },
  {
    "index": 16,
    "question": "Place, Building, Sleep, Key, Receptionist",
    "answer": "HOTEL"
  },
  {
    "index": 17,
    "question": "Ring, Championship, Hands, Sport",
    "answer": "BOXING"
  },
  {
    "index": 18,
    "question": "Number, Date, Month, Year, Day",
    "answer": "CALENDAR"
  },
  {
    "index": 19,
    "question": "Activity, Water, Soap, Towel",
    "answer": "TAKING A BATH"
  },
  {
    "index": 20,
    "question": "Object, Smells good, Foam, Bath",
    "answer": "SOAP"
  },
  {
    "index": 21,
    "question": "Object, Sleep, Mattress, Long, Soft",
    "answer": "BOLSTER PILLOW"
  },
  {
    "index": 22,
    "question": "Object, Electricity, On, Switch",
    "answer": "LAMP"
  },
  {
    "index": 23,
    "question": "Object, Drink, Sick, Doctor, Pharmacy",
    "answer": "MEDICINE"
  },
  {
    "index": 24,
    "question": "Object, Sick, Doctor, Armpit, Degrees",
    "answer": "THERMOMETER"
  },
  {
    "index": 25,
    "question": "Blood, Night, Itchy, Living thing",
    "answer": "MOSQUITO"
  },
  {
    "index": 26,
    "question": "Country, Art, Ball, Pizza, Pisa",
    "answer": "ITALY"
  },
  {
    "index": 27,
    "question": "Cave, Night, Dark, Living thing",
    "answer": "BAT"
  },
  {
    "index": 28,
    "question": "Coconut, Sand, Sea, Place",
    "answer": "BEACH"
  },
  {
    "index": 29,
    "question": "Object, Clown, Children, Birthday, Explode",
    "answer": "BALLOON"
  },
  {
    "index": 30,
    "question": "Object, Witch, Office Boy",
    "answer": "BROOM"
  },
  {
    "index": 31,
    "question": "Origami, Sakura, Sumo, Sushi",
    "answer": "JAPAN"
  },
  {
    "index": 32,
    "question": "Woman, Lips, Red, Beauty",
    "answer": "LIPSTICK"
  },
  {
    "index": 33,
    "question": "King, Meat, Forest, Fangs",
    "answer": "LION"
  },
  {
    "index": 34,
    "question": "Wallet, ATM, Bank",
    "answer": "MONEY"
  },
  {
    "index": 35,
    "question": "Number, Time, Hand, Wrist",
    "answer": "WATCH"
  },
  {
    "index": 36,
    "question": "Cook, Chef, Fire",
    "answer": "STOVE"
  },
  {
    "index": 37,
    "question": "Cow, Sheep, Green, Field",
    "answer": "GRASS"
  },
  {
    "index": 38,
    "question": "Fried chicken, Arab, Gas station, Pan",
    "answer": "OIL"
  },
  {
    "index": 39,
    "question": "Door, Cabinet, Car, Padlock",
    "answer": "KEY"
  },
  {
    "index": 40,
    "question": "Caterpillar, Flower, Animal",
    "answer": "BUTTERFLY"
  },
  {
    "index": 41,
    "question": "Car, Motorcycle, Noisy, Pollution",
    "answer": "EXHAUST PIPE"
  },
  {
    "index": 42,
    "question": "Judge, Nail",
    "answer": "HAMMER"
  },
  {
    "index": 43,
    "question": "Finger, Gift, Wedding, Couple",
    "answer": "RING"
  },
  {
    "index": 44,
    "question": "Rice, Meat, Chopsticks, Japan",
    "answer": "SUSHI"
  },
  {
    "index": 45,
    "question": "Book, Be quiet, Room, Reading",
    "answer": "LIBRARY"
  },
  {
    "index": 46,
    "question": "Television, Battery, Lightning, Voltage",
    "answer": "ELECTRICITY"
  },
  {
    "index": 47,
    "question": "Driver, Road, Destination, Pay",
    "answer": "TAXI"
  },
  {
    "index": 48,
    "question": "Soybeans, Delicious, Cooking",
    "answer": "SOY SAUCE"
  },
  {
    "index": 49,
    "question": "Smell, Pee, Man, Woman",
    "answer": "TOILET"
  },
  {
    "index": 50,
    "question": "Bamboo, China, Black, White, Cute",
    "answer": "PANDA"
  },
  {
    "index": 51,
    "question": "Morning, Bread, Milk",
    "answer": "BREAKFAST"
  },
  {
    "index": 52,
    "question": "Spider, Web, Red, Blue",
    "answer": "SPIDERMAN"
  },
  {
    "index": 53,
    "question": "On top, Salute, Country",
    "answer": "FLAG"
  },
  {
    "index": 54,
    "question": "Eyes, Magnifier, Bacteria, Researcher",
    "answer": "MICROSCOPE"
  },
  {
    "index": 55,
    "question": "Apollo, Moon",
    "answer": "ASTRONAUT"
  },
  {
    "index": 56,
    "question": "Tools, Vehicle, Repair",
    "answer": "MECHANIC"
  },
  {
    "index": 57,
    "question": "Cell phone, Remote, Plus, Minus, Toy",
    "answer": "BATTERY"
  },
  {
    "index": 58,
    "question": "Bear, Bee, Flower",
    "answer": "HONEY"
  },
  {
    "index": 59,
    "question": "Mouse, Fish, Bell",
    "answer": "CAT"
  },
  {
    "index": 60,
    "question": "Medal, Trophy, No. 1, Win",
    "answer": "CHAMPION"
  },
  {
    "index": 61,
    "question": "Hot, Clothes, Electricity, Neat",
    "answer": "IRON"
  },
  {
    "index": 62,
    "question": "Balloon, Cake, Gift, Candle",
    "answer": "BIRTHDAY"
  },
  {
    "index": 63,
    "question": "Motorcycle, Head, Rider",
    "answer": "HELMET"
  },
  {
    "index": 64,
    "question": "Airplane, Woman, Friendly",
    "answer": "FLIGHT ATTENDANT"
  },
  {
    "index": 65,
    "question": "Smell, Stomachache, Sound",
    "answer": "FART"
  },
  {
    "index": 66,
    "question": "Iron, Sun, Fire, Hell",
    "answer": "HOT"
  },
  {
    "index": 67,
    "question": "Six, Dots, Box, Shaken",
    "answer": "DICE"
  },
  {
    "index": 68,
    "question": "Colorful, Rain",
    "answer": "RAINBOW"
  },
  {
    "index": 69,
    "question": "Sweet, Ants, Toothache, Children",
    "answer": "CANDY"
  },
  {
    "index": 70,
    "question": "Car, Motorcycle, Noisy, Sound",
    "answer": "HORN"
  },
  {
    "index": 71,
    "question": "Jump, Pouch, Australia",
    "answer": "KANGAROO"
  },
  {
    "index": 72,
    "question": "Diamond, Gold, Map, Secret",
    "answer": "TREASURE"
  },
  {
    "index": 73,
    "question": "Eye, Soup, Orange, Rabbit",
    "answer": "CARROT"
  },
  {
    "index": 74,
    "question": "Injection, Needle, Red, Mosquito",
    "answer": "BLOOD"
  },
  {
    "index": 75,
    "question": "Salty, Sea, White, Cooking",
    "answer": "SALT"
  },
  {
    "index": 76,
    "question": "Nose, Oxygen, Chest, Breath",
    "answer": "LUNGS"
  },
  {
    "index": 77,
    "question": "Waist, Long",
    "answer": "BELT"
  },
  {
    "index": 78,
    "question": "Head, Medicine",
    "answer": "HEADACHE"
  },
  {
    "index": 79,
    "question": "Trash, Germs, Flying, Stomachache",
    "answer": "FLY"
  },
  {
    "index": 80,
    "question": "Robot, Cat, Japan",
    "answer": "DORAEMON"
  },
  {
    "index": 81,
    "question": "12, Month, New Year, Christmas",
    "answer": "DECEMBER"
  },
  {
    "index": 82,
    "question": "Green, Jump, Water, Land",
    "answer": "FROG"
  },
  {
    "index": 83,
    "question": "Back, Zipper, Book",
    "answer": "BAG"
  },
  {
    "index": 84,
    "question": "Camel, Pyramid, Cactus, Dry",
    "answer": "DESERT"
  },
  {
    "index": 85,
    "question": "White, Thin, Wipe, Toilet",
    "answer": "TISSUE"
  },
  {
    "index": 86,
    "question": "Go up and down, Jacket, Pants, Bag",
    "answer": "ZIPPER"
  },
  {
    "index": 87,
    "question": "Diving, Drink, Pour, Fish",
    "answer": "WATER"
  },
  {
    "index": 88,
    "question": "A pair, Hear",
    "answer": "EARS"
  },
  {
    "index": 89,
    "question": "Milk, Teeth, Paper",
    "answer": "WHITE"
  },
  {
    "index": 90,
    "question": "Nose, Long, Lying, Wood",
    "answer": "PINOCCHIO"
  },
  {
    "index": 91,
    "question": "UFO, Planet",
    "answer": "ALIEN"
  },
  {
    "index": 92,
    "question": "Hear, Sound, Long distance",
    "answer": "TELEPHONE"
  },
  {
    "index": 93,
    "question": "Up, Down, Feet",
    "answer": "STAIRS"
  },
  {
    "index": 94,
    "question": "Head, Scorching sun, Beach",
    "answer": "HAT"
  },
  {
    "index": 95,
    "question": "Bird, Airplane, Mosquito, Superman",
    "answer": "FLY"
  },
  {
    "index": 96,
    "question": "Sleep, Noisy",
    "answer": "SNORE"
  },
  {
    "index": 97,
    "question": "North, South, Compass, Stick",
    "answer": "MAGNET"
  },
  {
    "index": 98,
    "question": "Engineer, Whistle, Ticket, Rail",
    "answer": "TRAIN"
  },
  {
    "index": 99,
    "question": "Reading, Eyes, Letters",
    "answer": "GLASSES"
  },
  {
    "index": 100,
    "question": "Ball, Hand, Goal",
    "answer": "GOALKEEPER"
  },
  {
    "index": 101,
    "question": "Taj Mahal, Bajaj, Snake, Elephant",
    "answer": "INDIA"
  },
  {
    "index": 102,
    "question": "Card, Wand, Rabbit, Bird",
    "answer": "MAGIC"
  },
  {
    "index": 103,
    "question": "Paper, Bird, Axe, Oxygen",
    "answer": "TREE"
  },
  {
    "index": 104,
    "question": "Sharp, Fish, Dangerous",
    "answer": "PIRANHA"
  },
  {
    "index": 105,
    "question": "Type, Finger, Computer, Letters",
    "answer": "KEYBOARD"
  },
  {
    "index": 106,
    "question": "Mouth, Plastic, Long, Drink",
    "answer": "STRAW"
  },
  {
    "index": 107,
    "question": "Steering wheel, Wheel, Donut",
    "answer": "CIRCLE"
  },
  {
    "index": 108,
    "question": "Yellow, Monkey",
    "answer": "BANANA"
  },
  {
    "index": 109,
    "question": "Fire, Blow, Cake",
    "answer": "CANDLE"
  },
  {
    "index": 110,
    "question": "Propeller, Pilot, Cloud",
    "answer": "AIRPLANE"
  },
  {
    "index": 111,
    "question": "Cowboy, Horseshoe, Grass",
    "answer": "HORSE"
  },
  {
    "index": 112,
    "question": "Food, Italy, Round, Baked",
    "answer": "PIZZA"
  },
  {
    "index": 113,
    "question": "Cheese, Windmill, Tulip",
    "answer": "NETHERLANDS"
  },
  {
    "index": 114,
    "question": "Duck, Chicken, Round",
    "answer": "EGG"
  },
  {
    "index": 115,
    "question": "Water, Faucet, Long",
    "answer": "PIPE"
  },
  {
    "index": 116,
    "question": "Mucus, Nose, Clogged, Tissue",
    "answer": "COMMON COLD"
  },
  {
    "index": 117,
    "question": "Tip, Drink",
    "answer": "TEA"
  },
  {
    "index": 118,
    "question": "Wallet, Identity, Address, Phone",
    "answer": "BUSINESS CARD"
  },
  {
    "index": 119,
    "question": "Baby, Pee, Soft",
    "answer": "DIAPER"
  },
  {
    "index": 120,
    "question": "Flash, Photo, Lens",
    "answer": "CAMERA"
  },
  {
    "index": 121,
    "question": "Thin, Smooth, Needle",
    "answer": "THREAD"
  },
  {
    "index": 122,
    "question": "Object, Strings, Pluck",
    "answer": "GUITAR"
  },
  {
    "index": 123,
    "question": "Shirt, Pants, Jacket",
    "answer": "CLOTHES"
  },
  {
    "index": 124,
    "question": "Object, Moves, Machine",
    "answer": "ROBOT"
  },
  {
    "index": 125,
    "question": "Vehicle, 3 wheels, Car",
    "answer": "BAJAJ"
  },
  {
    "index": 126,
    "question": "Bachelor, Hajj, Master",
    "answer": "TITLE"
  },
  {
    "index": 127,
    "question": "Art, Displayed, Wall, Aesthetics",
    "answer": "PAINTING"
  },
  {
    "index": 128,
    "question": "Giant, Animal, Lizard, Indonesia",
    "answer": "KOMODO DRAGON"
  },
  {
    "index": 129,
    "question": "Land transportation, Wheel, Wood, Horse",
    "answer": "ANDONG"
  },
  {
    "index": 130,
    "question": "School, Board, Write, White",
    "answer": "CHALK"
  },
  {
    "index": 131,
    "question": "Vehicle, Transportation, Land, Asphalt",
    "answer": "ROAD"
  },
  {
    "index": 132,
    "question": "Electronic, Box, Frequency, Sound",
    "answer": "RADIO"
  },
  {
    "index": 133,
    "question": "Clay, Object, Roof, House",
    "answer": "ROOF TILE"
  },
  {
    "index": 134,
    "question": "Night, Wings, Black, Blood",
    "answer": "BAT"
  },
  {
    "index": 135,
    "question": "Triangle, Egypt, Pharaoh",
    "answer": "PYRAMID"
  },
  {
    "index": 136,
    "question": "Granules, Sand, Sweet",
    "answer": "SUGAR"
  },
  {
    "index": 137,
    "question": "Musical instrument, Sundanese, Bamboo, Sound",
    "answer": "ANGKLUNG"
  },
  {
    "index": 138,
    "question": "Rice, Granules, Dry, Unhusked rice",
    "answer": "RICE GRAIN"
  },
  {
    "index": 139,
    "question": "House, Tribe, Mountain, Sulawesi",
    "answer": "TORAJA"
  },
  {
    "index": 140,
    "question": "Transportation, Water, Wood, Paddle",
    "answer": "BOAT"
  },
  {
    "index": 141,
    "question": "Morning, Mountain, View, Cold",
    "answer": "FOG"
  },
  {
    "index": 142,
    "question": "Footwear, Feet, Strap",
    "answer": "SHOES"
  },
  {
    "index": 143,
    "question": "Grass, Beard, Horns, Satay",
    "answer": "GOAT"
  },
  {
    "index": 144,
    "question": "Cook, Liquid, Slippery, Fry",
    "answer": "OIL"
  },
  {
    "index": 145,
    "question": "Round, Throw, Kick",
    "answer": "BALL"
  },
  {
    "index": 146,
    "question": "Two wheels, Feet, Pedal, Sport",
    "answer": "BICYCLE"
  },
  {
    "index": 147,
    "question": "Number, Small, Count, Tool",
    "answer": "CALCULATOR"
  },
  {
    "index": 148,
    "question": "Small, Group, Nest, Animal",
    "answer": "ANT"
  },
  {
    "index": 149,
    "question": "Beach, Animal, Invertebrate, Pincers",
    "answer": "CRAB"
  },
  {
    "index": 150,
    "question": "Entertain, Sule, Laugh",
    "answer": "COMEDIAN"
  },
  {
    "index": 151,
    "question": "Wipe, Cloth, Dry, Bath",
    "answer": "TOWEL"
  },
  {
    "index": 152,
    "question": "Round, Hole, Flour",
    "answer": "DONUT"
  },
  {
    "index": 153,
    "question": "Eclipse, Ray, Night",
    "answer": "MOON"
  },
  {
    "index": 154,
    "question": "Air, Glass, House",
    "answer": "WINDOW"
  },
  {
    "index": 155,
    "question": "Container, Food, Breakable",
    "answer": "PLATE"
  },
  {
    "index": 156,
    "question": "Animal, Big, Horn",
    "answer": "RHINOCEROS"
  },
  {
    "index": 157,
    "question": "Building, Place, Dwelling",
    "answer": "HOUSE"
  },
  {
    "index": 158,
    "question": "Hole, Face, Inhale, Breathe",
    "answer": "NOSE"
  },
  {
    "index": 159,
    "question": "Tree, Bottom part",
    "answer": "ROOT"
  },
  {
    "index": 160,
    "question": "Tool, Eat, Poke",
    "answer": "FORK"
  },
  {
    "index": 161,
    "question": "Hole, Water, Bucket",
    "answer": "WELL"
  },
  {
    "index": 162,
    "question": "Part, Back, Animal",
    "answer": "TAIL"
  },
  {
    "index": 163,
    "question": "Sun, Earth, Light source",
    "answer": "SUN"
  },
  {
    "index": 164,
    "question": "Ape, Rare, Forest",
    "answer": "ORANGUTAN"
  },
  {
    "index": 165,
    "question": "Water, Flow, Source, Estuary",
    "answer": "RIVER"
  },
  {
    "index": 166,
    "question": "Fruit, Month, Coconut milk",
    "answer": "COCONUT"
  },
  {
    "index": 167,
    "question": "Lizard, Change, Color",
    "answer": "CHAMELEON"
  },
  {
    "index": 168,
    "question": "Company, Country, Oil",
    "answer": "PERTAMINA"
  },
  {
    "index": 169,
    "question": "Energy, Radioactive, Uranium",
    "answer": "NUCLEAR"
  },
  {
    "index": 170,
    "question": "Science, Property, Matter",
    "answer": "PHYSICS"
  },
  {
    "index": 171,
    "question": "Galaxy, Solar system",
    "answer": "MILKY WAY"
  },
  {
    "index": 172,
    "question": "Music, Indonesia, Sway, Drum",
    "answer": "DANGDUT"
  },
  {
    "index": 173,
    "question": "Bird, Rare, Papua",
    "answer": "BIRD OF PARADISE"
  },
  {
    "index": 174,
    "question": "Iron bones, Puppet, Fly, Magical",
    "answer": "GATOT KACA"
  },
  {
    "index": 175,
    "question": "Cucumber, Sour, Salty",
    "answer": "PICKLE"
  },
  {
    "index": 176,
    "question": "Room, Wait, Bus",
    "answer": "BUS STOP"
  },
  {
    "index": 177,
    "question": "Land, Farmer, Rice",
    "answer": "RICE FIELD"
  },
  {
    "index": 178,
    "question": "Baby, Pee, Soft",
    "answer": "DIAPER"
  },
  {
    "index": 179,
    "question": "Object, Play, Sit, Chain",
    "answer": "SWING"
  },
  {
    "index": 180,
    "question": "Place, Goods, Room",
    "answer": "WAREHOUSE"
  },
  {
    "index": 181,
    "question": "Object, Place, Store, Clothes",
    "answer": "CLOSET"
  },
  {
    "index": 182,
    "question": "Black, White, Rain, Floating",
    "answer": "CLOUD"
  },
  {
    "index": 183,
    "question": "Smoke, Exhaust pipe, Environment",
    "answer": "POLLUTION"
  },
  {
    "index": 184,
    "question": "Rice, Sugar, Vegetables",
    "answer": "STAPLE FOODS"
  },
  {
    "index": 185,
    "question": "Cooking oil, Coconut milk, Plant",
    "answer": "COCONUT"
  },
  {
    "index": 186,
    "question": "Vehicle, Pedal, Wheel, Three",
    "answer": "PEDICAB"
  },
  {
    "index": 187,
    "question": "House protector, Iron, Side of the road",
    "answer": "FENCE"
  },
  {
    "index": 188,
    "question": "Tool, Dust, Clean",
    "answer": "FEATHER DUSTER"
  },
  {
    "index": 189,
    "question": "Object, Cigarette butt, Trash",
    "answer": "ASHTRAY"
  },
  {
    "index": 190,
    "question": "Place, Go up/down, Floor",
    "answer": "ELEVATOR"
  },
  {
    "index": 191,
    "question": "Object, Stand, Long",
    "answer": "POLE"
  },
  {
    "index": 192,
    "question": "Salty, White, Cuisine",
    "answer": "SALT"
  },
  {
    "index": 193,
    "question": "Explode, Hot, Beautiful, Light",
    "answer": "FIREWORKS"
  },
  {
    "index": 194,
    "question": "Event, Inauguration, A pair",
    "answer": "WEDDING"
  },
  {
    "index": 195,
    "question": "White, Blue, Guard",
    "answer": "SECURITY GUARD"
  },
  {
    "index": 196,
    "question": "West, East, North, South",
    "answer": "COMPASS"
  },
  {
    "index": 197,
    "question": "Place, Train, Ticket",
    "answer": "STATION"
  },
  {
    "index": 198,
    "question": "Transportation, Three wheels, Wood, Horse",
    "answer": "HORSE-DRAWN CARRIAGE"
  },
  {
    "index": 199,
    "question": "Bread, Strawberry, Liquid",
    "answer": "JAM"
  },
  {
    "index": 200,
    "question": "Pet, Cute, Fangs, Bell",
    "answer": "CAT"
  },
  {
    "index": 201,
    "question": "Tube, Water, Glass",
    "answer": "GLASS"
  },
  {
    "index": 202,
    "question": "Excavation, Object, Ancient",
    "answer": "ARCHAEOLOGY"
  },
  {
    "index": 203,
    "question": "Ear, Tool, Music, Sound",
    "answer": "EARPHONE"
  },
  {
    "index": 204,
    "question": "Sit, Relax, Wood, Legs",
    "answer": "CHAIR"
  },
  {
    "index": 205,
    "question": "History, Tourism, Yogya",
    "answer": "BOROBUDUR"
  },
  {
    "index": 206,
    "question": "Pointed, Mouth, Food, Tear",
    "answer": "FANG"
  },
  {
    "index": 207,
    "question": "Ripple, Roll, Water, Beach",
    "answer": "WAVE"
  },
  {
    "index": 208,
    "question": "Air, Move, Cool",
    "answer": "WIND"
  },
  {
    "index": 209,
    "question": "Animal, Rare, Forest, Kalimantan",
    "answer": "ORANGUTAN"
  },
  {
    "index": 210,
    "question": "Tool, Music, Doremi, Box",
    "answer": "PIANO"
  },
  {
    "index": 211,
    "question": "Container, Water, Toilet, Big",
    "answer": "BUCKET"
  },
  {
    "index": 212,
    "question": "Fruit, Orange, Round",
    "answer": "ORANGE"
  },
  {
    "index": 213,
    "question": "Hair, Neat, Dense, Tool",
    "answer": "COMB"
  },
  {
    "index": 214,
    "question": "Box, Sleep, Soft",
    "answer": "MATTRESS"
  },
  {
    "index": 215,
    "question": "Air, Tire, Go up/down",
    "answer": "PUMP"
  },
  {
    "index": 216,
    "question": "Thin, Sharp, Thread",
    "answer": "NEEDLE"
  },
  {
    "index": 217,
    "question": "Wipe, Foot, Cloth",
    "answer": "DOORMAT"
  },
  {
    "index": 218,
    "question": "TV, Tool, Long distance, Broadcast",
    "answer": "REMOTE CONTROL"
  },
  {
    "index": 219,
    "question": "Honey, Animal, Flying",
    "answer": "BEE"
  },
  {
    "index": 220,
    "question": "Animal, Wall, Creeping, Sticking",
    "answer": "GECKO"
  },
  {
    "index": 221,
    "question": "Tool, Rub, Sound, Music",
    "answer": "VIOLIN"
  },
  {
    "index": 222,
    "question": "Long, Electricity, Pln",
    "answer": "CABLE"
  },
  {
    "index": 223,
    "question": "Tool, Eat, Sharp",
    "answer": "FORK"
  },
  {
    "index": 224,
    "question": "Tool, Cut, Kitchen",
    "answer": "KNIFE"
  },
  {
    "index": 225,
    "question": "Fire, Wood, Small",
    "answer": "MATCH"
  },
  {
    "index": 226,
    "question": "Job, Airplane, Drive",
    "answer": "PILOT"
  },
  {
    "index": 227,
    "question": "Deliver, Goods, Job",
    "answer": "COURIER"
  },
  {
    "index": 228,
    "question": "Job, Count, Shop, Store",
    "answer": "CASHIER"
  },
  {
    "index": 229,
    "question": "Treatment, Job, Traditional",
    "answer": "TRADITIONAL HEALER"
  },
  {
    "index": 230,
    "question": "Job, Drive, Horse-drawn carriage",
    "answer": "COACHMAN"
  },
  {
    "index": 231,
    "question": "Tree, Valley, Hill, Thick",
    "answer": "FOREST"
  },
  {
    "index": 232,
    "question": "Child, Toy, Cute",
    "answer": "DOLL"
  },
  {
    "index": 233,
    "question": "Neck, Jewelry, Gold",
    "answer": "NECKLACE"
  },
  {
    "index": 234,
    "question": "Transportation, Long, Rail",
    "answer": "TRAIN"
  },
  {
    "index": 235,
    "question": "Broadcast, Signal, TV, Tool",
    "answer": "ANTENNA"
  },
  {
    "index": 236,
    "question": "Place, Vehicle, Storage, Wide",
    "answer": "PARKING LOT"
  },
  {
    "index": 237,
    "question": "Blow, Sound, Tool",
    "answer": "TRUMPET"
  },
  {
    "index": 238,
    "question": "Fruit, Round, Water, Seed",
    "answer": "WATERMELON"
  },
  {
    "index": 239,
    "question": "Place, Teacher, Student, Study",
    "answer": "SCHOOL"
  },
  {
    "index": 240,
    "question": "Scary, Quiet, Place, Died",
    "answer": "GRAVEYARD"
  },
  {
    "index": 241,
    "question": "Airplane, Ticket, Flight",
    "answer": "AIRPORT"
  },
  {
    "index": 242,
    "question": "Camouflage, Weapon, War",
    "answer": "SOLDIER"
  },
  {
    "index": 243,
    "question": "Sharp, Wood, Cut",
    "answer": "SAW"
  },
  {
    "index": 244,
    "question": "Tool, Explode, Throw, Soldier",
    "answer": "GRENADE"
  },
  {
    "index": 245,
    "question": "Box, Computer, Screen, Resolution",
    "answer": "MONITOR"
  },
  {
    "index": 246,
    "question": "Box, Glass, House, Front",
    "answer": "WINDOW"
  },
  {
    "index": 247,
    "question": "Rice field, Farmer, Land, Tool",
    "answer": "HOE"
  },
  {
    "index": 248,
    "question": "Push, Vendor, Tool, Wheel",
    "answer": "CART"
  },
  {
    "index": 249,
    "question": "Animal, Neck, Tall, Brown",
    "answer": "GIRAFFE"
  },
  {
    "index": 250,
    "question": "Sound, Cat, Object, Neck",
    "answer": "BELL"
  },
  {
    "index": 251,
    "question": "Sharp, Paper, Cut, Tool",
    "answer": "SCISSORS"
  },
  {
    "index": 252,
    "question": "Animal, Carrot, Jump",
    "answer": "RABBIT"
  },
  {
    "index": 253,
    "question": "Work, Place, Employee",
    "answer": "OFFICE"
  },
  {
    "index": 254,
    "question": "Place, Medicine, Sell, Mix",
    "answer": "PHARMACY"
  },
  {
    "index": 255,
    "question": "Hospital, Care for, Job",
    "answer": "NURSE"
  },
  {
    "index": 256,
    "question": "Protect, Woman, Security",
    "answer": "FEMALE POLICE OFFICER"
  },
  {
    "index": 257,
    "question": "Inject, Medicine, Examine, Job",
    "answer": "DOCTOR"
  },
  {
    "index": 258,
    "question": "Sharp, Knight, Weapon",
    "answer": "SWORD"
  },
  {
    "index": 259,
    "question": "Light, Night, Tool, Battery",
    "answer": "FLASHLIGHT"
  },
  {
    "index": 260,
    "question": "Base, Food, Round, Glass",
    "answer": "PLATE"
  },
  {
    "index": 261,
    "question": "Sharpen, Wood, Write, Tool",
    "answer": "PENCIL"
  },
  {
    "index": 262,
    "question": "Footwear, Feet, Rubber",
    "answer": "SANDAL"
  },
  {
    "index": 263,
    "question": "Crab, Rice field pest, Fresh water",
    "answer": "FRESHWATER CRAB"
  },
  {
    "index": 264,
    "question": "Bird, Black, Mimic",
    "answer": "MYNAH BIRD"
  },
  {
    "index": 265,
    "question": "Account, Finance, Job",
    "answer": "ACCOUNTANT"
  },
  {
    "index": 266,
    "question": "Wattle, Limbs, Long, Big",
    "answer": "TURKEY"
  },
  {
    "index": 267,
    "question": "Technology, Design, Job",
    "answer": "ENGINEER"
  },
  {
    "index": 268,
    "question": "Pincers, Red, 10 legs",
    "answer": "CRAB"
  },
  {
    "index": 269,
    "question": "Mercedes Benz, Berlin Wall, Nazi",
    "answer": "GERMANY"
  },
  {
    "index": 270,
    "question": "Ship, Captain, Officer",
    "answer": "SHIP'S CAPTAIN"
  },
  {
    "index": 271,
    "question": "Gwyneth Paltrow, Paul Bettany, Johnny Depp",
    "answer": "MORTDECAI"
  },
  {
    "index": 272,
    "question": "Arched back, Consumed, Sea animal",
    "answer": "SHRIMP"
  },
  {
    "index": 273,
    "question": "Editor, News, Manuscript",
    "answer": "EDITOR"
  },
  {
    "index": 274,
    "question": "Red meat, Swimmer, Reliable, Fish",
    "answer": "TUNA"
  },
  {
    "index": 275,
    "question": "Knowledgeable, Teacher, School",
    "answer": "TEACHER"
  },
  {
    "index": 276,
    "question": "Job, Display, Product",
    "answer": "MODEL"
  },
  {
    "index": 277,
    "question": "Help, Law, Defendant",
    "answer": "LAWYER"
  },
  {
    "index": 278,
    "question": "Long neck, Duck, White",
    "answer": "SWAN"
  },
  {
    "index": 279,
    "question": "Mollusk, Slow, Snail",
    "answer": "SNAIL"
  },
  {
    "index": 280,
    "question": "Regency, Civil servant, Leader",
    "answer": "REGENT"
  },
  {
    "index": 281,
    "question": "Centipede, Nocturnal, Poisonous",
    "answer": "CENTIPEDE"
  },
  {
    "index": 282,
    "question": "Black, Sea, Spiky",
    "answer": "SEA URCHIN"
  },
  {
    "index": 283,
    "question": "Droplets, Water, Sky",
    "answer": "RAIN"
  },
  {
    "index": 284,
    "question": "Keyboard, Monitor, Wifi",
    "answer": "LAPTOP"
  },
  {
    "index": 285,
    "question": "Person, Sickness, Heal",
    "answer": "DOCTOR"
  },
  {
    "index": 286,
    "question": "Fruit, Green, Red",
    "answer": "WATERMELON"
  },
  {
    "index": 287,
    "question": "Sport, Feather, Racket",
    "answer": "BADMINTON"
  },
  {
    "index": 288,
    "question": "Triangle, Stone, Pharaoh",
    "answer": "PYRAMID"
  },
  {
    "index": 289,
    "question": "Temple, Magnificent, Buddha",
    "answer": "BOROBUDUR"
  },
  {
    "index": 290,
    "question": "Sanskrit, State Ideology",
    "answer": "PANCASILA"
  },
  {
    "index": 291,
    "question": "Mountain, Java, Highest",
    "answer": "SEMERU"
  },
  {
    "index": 292,
    "question": "Ocean, Widest, World",
    "answer": "PACIFIC"
  },
  {
    "index": 293,
    "question": "Bird, Emblem, State",
    "answer": "GARUDA"
  },
  {
    "index": 294,
    "question": "Object, Roof, House",
    "answer": "ROOF TILE"
  },
  {
    "index": 295,
    "question": "Mountain, Highest, World",
    "answer": "EVEREST"
  },
  {
    "index": 296,
    "question": "Excavation, Object, Ancient",
    "answer": "ARCHAEOLOGY"
  },
  {
    "index": 297,
    "question": "Ape, Nose, Big",
    "answer": "PROBOSCIS MONKEY"
  },
  {
    "index": 298,
    "question": "Port, Airplane, Fly",
    "answer": "AIRPORT"
  },
  {
    "index": 299,
    "question": "Animal, Neck, Long",
    "answer": "GIRAFFE"
  },
  {
    "index": 300,
    "question": "Pool, Big, Man-made",
    "answer": "RESERVOIR"
  },
  {
    "index": 301,
    "question": "Fruit, Skin, Thorns",
    "answer": "DURIAN"
  }
]

