[
  {
      "index": 0,
      "question": "A lizard-like animal that can change its skin color?",
      "answer": "Chameleon"
  },
  {
      "index": 1,
      "question": "A lizard-like animal that can change its skin color?",
      "answer": "Chameleon"
  },
  {
      "index": 2,
      "question": "An instruction letter to Suharto to take over security in Indonesia on March 11, 1966?",
      "answer": "Supersemar"
  },
  {
      "index": 3,
      "question": "The longest river in the American Continent?",
      "answer": "Amazon"
  },
  {
      "index": 4,
      "question": "The woman recorded in history as the tailor of the Indonesian Heritage Flag?",
      "answer": "Fatmawati"
  },
  {
      "index": 5,
      "question": "A long-distance running race of 42.195 km?",
      "answer": "Marathon"
  },
  {
      "index": 6,
      "question": "The line that divides the Earth into two parts, the northern and southern hemispheres?",
      "answer": "Equator"
  },
  {
      "index": 7,
      "question": "This city, which has existed since 682, is called the oldest city in Indonesia?",
      "answer": "Palembang"
  },
  {
      "index": 8,
      "question": "A term for the force of attraction that occurs in the universe, including Earth?",
      "answer": "Gravity"
  },
  {
      "index": 9,
      "question": "The name of a film that tells the story of robots that can transform into vehicles?",
      "answer": "Transformers"
  },
  {
      "index": 10,
      "question": "A fighter in Ancient Roman times who fought for public entertainment?",
      "answer": "Gladiator"
  },
  {
      "index": 11,
      "question": "The name of a luxurious passenger ship that sank on its maiden voyage in 1912?",
      "answer": "Titanic"
  },
  {
      "index": 12,
      "question": "A football club from Italy nicknamed 'The Old Lady'?",
      "answer": "Juventus"
  },
  {
      "index": 13,
      "question": "A mechanism of a country's government system based on the will of the people?",
      "answer": "Democracy"
  },
  {
      "index": 14,
      "question": "The name of a traditional dance-drama art unique to Bali?",
      "answer": "Kecak"
  },
  {
      "index": 15,
      "question": "The name of the currency used in Russia?",
      "answer": "Ruble"
  },
  {
      "index": 16,
      "question": "The natural science that observes celestial bodies and phenomena outside the Earth's atmosphere?",
      "answer": "Astronomy"
  },
  {
      "index": 17,
      "question": "The French Emperor who ruled the European Continent from 1803-1815?",
      "answer": "Napoleon"
  },
  {
      "index": 18,
      "question": "A world-famous artist from Spain with an art style called cubism?",
      "answer": "Picasso"
  },
  {
      "index": 19,
      "question": "The name of the supreme commander of the Allied Forces in World War II?",
      "answer": "Eisenhower"
  },
  {
      "index": 20,
      "question": "A fictional weapon in the Star Wars universe, used by Jedi and Sith?",
      "answer": "Lightsaber"
  },
  {
      "index": 21,
      "question": "The name of a peninsula in Europe where the countries of Norway and Sweden are located?",
      "answer": "Scandinavia"
  },
  {
      "index": 22,
      "question": "A football stadium in London that is also the main headquarters of the Arsenal FC club?",
      "answer": "Emirates"
  },
  {
      "index": 23,
      "question": "A famous female singer, formerly in the group Destiny’s Child?",
      "answer": "Beyonce"
  },
  {
      "index": 24,
      "question": "A term for the belief that God is one or single?",
      "answer": "Monotheism"
  },
  {
      "index": 25,
      "question": "The name of the kingdom where the king currently serves as the Deputy Governor of DI Yogyakarta?",
      "answer": "Pakualaman"
  },
  {
      "index": 26,
      "question": "Considered one of the greatest mathematicians in history, born in 287 BC?",
      "answer": "Archimedes"
  },
  {
      "index": 27,
      "question": "The highest mountain range in Indonesia, located on Papua Island?",
      "answer": "Jayawijaya"
  },
  {
      "index": 28,
      "question": "A fictional superhero group consisting of Iron Man, Captain America, Hulk, and Thor?",
      "answer": "Avengers"
  },
  {
      "index": 29,
      "question": "The name of a large region in Russia, covering almost all of North Asia?",
      "answer": "Siberia"
  },
  {
      "index": 30,
      "question": "An object or medium that easily conducts an electric current?",
      "answer": "Conductor"
  },
  {
      "index": 31,
      "question": "The name of the language used in Iran, Tajikistan, Afghanistan, and Uzbekistan?",
      "answer": "Farsi"
  },
  {
      "index": 32,
      "question": "The region where the first agricultural practices took place around 8000 BC?",
      "answer": "Mesopotamia"
  },
  {
      "index": 33,
      "question": "An ideology based on the principle of leadership with absolute authority?",
      "answer": "Fascism"
  },
  {
      "index": 34,
      "question": "The name of the geological period from 252 to 66 million years ago, also called the Age of Reptiles?",
      "answer": "Mesozoic"
  },
  {
      "index": 35,
      "question": "The name known in Javanese legend as the architect who designed Borobudur Temple?",
      "answer": "Gunadharma"
  },
  {
      "index": 36,
      "question": "A traditional Chinese dance that uses costumes resembling a lion?",
      "answer": "Barongsai"
  },
  {
      "index": 37,
      "question": "A term that means the movement of people from villages to cities?",
      "answer": "Urbanization"
  },
  {
      "index": 38,
      "question": "A famous music group from Bandung in the 1970s, with three siblings as members?",
      "answer": "Bimbo"
  },
  {
      "index": 39,
      "question": "The name of an Indonesian action film from 2009 starring Iko Uwais?",
      "answer": "Merantau"
  },
  {
      "index": 40,
      "question": "Known as the 'maestro of Indonesian keroncong,' creator of the song 'Bengawan Solo'?",
      "answer": "Gesang"
  },
  {
      "index": 41,
      "question": "A temperature scale where the freezing point of water is at 0 degrees and the boiling point is at 100 degrees?",
      "answer": "Celsius"
  },
  {
      "index": 42,
      "question": "A Javanese mythical spirit, with a large, hairy, ape-like human form?",
      "answer": "Genderuwo"
  },
  {
      "index": 43,
      "question": "A district in Los Angeles famous for its global film industry?",
      "answer": "Hollywood"
  },
  {
      "index": 44,
      "question": "The branch of biology that studies the inheritance of traits in organisms and sub-organisms?",
      "answer": "Genetics"
  },
  {
      "index": 45,
      "question": "An ancient human site in Central Java, which is also a UNESCO World Heritage Site?",
      "answer": "Sangiran"
  },
  {
      "index": 46,
      "question": "A chunk of rock that is smaller than a planet and orbits the Sun?",
      "answer": "Asteroid"
  },
  {
      "index": 47,
      "question": "A term for an animal that eats grass or plants?",
      "answer": "Herbivore"
  },
  {
      "index": 48,
      "question": "A term that means the systematic slaughter of a tribe or group?",
      "answer": "Genocide"
  },
  {
      "index": 49,
      "question": "The name of a fever disease transmitted by the female Anopheles mosquito?",
      "answer": "Malaria"
  },
  {
      "index": 50,
      "question": "A fictional character from Sundanese culture who is funny, naive, but also smart?",
      "answer": "Kabayan"
  },
  {
      "index": 51,
      "question": "A dormitory where male students (santri) are taught and guided by a Kiai?",
      "answer": "Pesantren"
  },
  {
      "index": 52,
      "question": "A Japanese video game company, creator of Mario Bros and Pokemon?",
      "answer": "Nintendo"
  },
  {
      "index": 53,
      "question": "An official religion in Indonesia based on the teachings of Confucius?",
      "answer": "Confucianism"
  },
  {
      "index": 54,
      "question": "The name of an online encyclopedia that can be freely written and edited by anyone?",
      "answer": "Wikipedia"
  },
  {
      "index": 55,
      "question": "A quadrilateral flat shape with a pair of parallel sides that are not the same length?",
      "answer": "Trapezoid"
  },
  {
      "index": 56,
      "question": "A disease where the body's hormone that regulates blood sugar is insufficient?",
      "answer": "Diabetes"
  },
  {
      "index": 57,
      "question": "The smallest independent state in the world recognized internationally?",
      "answer": "Vatican"
  },
  {
      "index": 58,
      "question": "An ancient empire in the Greek region led by Alexander the Great?",
      "answer": "Macedonia"
  },
  {
      "index": 59,
      "question": "The country with the second-largest Muslim population in the world?",
      "answer": "Pakistan"
  },
  {
      "index": 60,
      "question": "A symptom of declining brain function, usually occurring in old age?",
      "answer": "Dementia"
  },
  {
      "index": 61,
      "question": "A fossil fuel, used in Steam Power Plants?",
      "answer": "Coal"
  },
  {
      "index": 62,
      "question": "The name of a famous temple in Bali built on the tip of a coral rock?",
      "answer": "Uluwatu"
  },
  {
      "index": 63,
      "question": "A title obtained by the son of Sultan Agung from Mataram?",
      "answer": "Amangkurat"
  },
  {
      "index": 64,
      "question": "A person whose job is to care for babies or children in a family?",
      "answer": "Nanny"
  },
  {
      "index": 65,
      "question": "A region in Japan where a nuclear leak occurred in 2011?",
      "answer": "Fukushima"
  },
  {
      "index": 66,
      "question": "Financial protection for life, health, property, etc.?",
      "answer": "Insurance"
  },
  {
      "index": 67,
      "question": "A company with a horse logo from Italy that produces supercars and racing cars?",
      "answer": "Ferrari"
  },
  {
      "index": 68,
      "question": "A tribe from South Sulawesi famous as expert sailors?",
      "answer": "Bugis"
  },
  {
      "index": 69,
      "question": "A vampire who is the main fictional character created by Bram Stoker?",
      "answer": "Dracula"
  },
  {
      "index": 70,
      "question": "This planet is the largest planet in the Solar System?",
      "answer": "Jupiter"
  },
  {
      "index": 71,
      "question": "A plant used as a material for making paper in Ancient Egypt?",
      "answer": "Papyrus"
  },
  {
      "index": 72,
      "question": "An explosive powder mixture of sulfur, charcoal, and potassium nitrate?",
      "answer": "Gunpowder"
  },
  {
      "index": 73,
      "question": "The official language that is also widely used in the Philippines?",
      "answer": "Tagalog"
  },
  {
      "index": 74,
      "question": "A small country in South America with a large population of Javanese descent?",
      "answer": "Suriname"
  },
  {
      "index": 75,
      "question": "A winged male horse from Greek mythology?",
      "answer": "Pegasus"
  },
  {
      "index": 76,
      "question": "An alternative Rock music group from London, with Chris Martin as the vocalist?",
      "answer": "Coldplay"
  },
  {
      "index": 77,
      "question": "A fruit that, when cut, has a star-shaped cross-section?",
      "answer": "Star fruit"
  },
  {
      "index": 78,
      "question": "A musical ensemble that usually features metallophones, xylophones, drums, and gongs?",
      "answer": "Gamelan"
  },
  {
      "index": 79,
      "question": "The name of a city that was fought over for several centuries by Islam, Christianity, and Judaism?",
      "answer": "Jerusalem"
  },
  {
      "index": 80,
      "question": "The official language of Bangladesh, used by about 200 million people?",
      "answer": "Bengali"
  },
  {
      "index": 81,
      "question": "An intoxicating beverage made from ethanol?",
      "answer": "Alcohol"
  },
  {
      "index": 82,
      "question": "The only active volcano in mainland Europe, located in Italy?",
      "answer": "Vesuvius"
  },
  {
      "index": 83,
      "question": "A fictional character with very long hair, the main character of the animated film 'Tangled'?",
      "answer": "Rapunzel"
  },
  {
      "index": 84,
      "question": "A natural disaster in the form of a large ocean wave?",
      "answer": "Tsunami"
  },
  {
      "index": 85,
      "question": "The name of a city in Turkey that was formerly called Constantinople?",
      "answer": "Istanbul"
  },
  {
      "index": 86,
      "question": "A subspecies of humans that became extinct from the face of the earth around 30,000 years ago?",
      "answer": "Neanderthal"
  },
  {
      "index": 87,
      "question": "The name of the ritual suicide of Samurai in Japan by disemboweling themselves?",
      "answer": "Seppuku"
  },
  {
      "index": 88,
      "question": "A type of Italian cheese often found in pizza dishes?",
      "answer": "Mozzarella"
  },
  {
      "index": 89,
      "question": "A title for the wife of a male monarch (king, sultan, or emperor)?",
      "answer": "Queen"
  },
  {
      "index": 90,
      "question": "The name of the tribe that has long inhabited the Earth's Arctic region?",
      "answer": "Eskimo"
  },
  {
      "index": 91,
      "question": "The second most abundant element after oxygen in the human body?",
      "answer": "Carbon"
  },
  {
      "index": 92,
      "question": "The genocide of European Jews during World War II?",
      "answer": "Holocaust"
  },
  {
      "index": 93,
      "question": "The process of converting sugar into ethanol by yeast?",
      "answer": "Fermentation"
  },
  {
      "index": 94,
      "question": "A prophecy in Javanese tradition that discusses the existence of a 'just king'?",
      "answer": "Jayabaya"
  },
  {
      "index": 95,
      "question": "A 15th-century figure from Poland who came up with the heliocentric theory?",
      "answer": "Copernicus"
  },
  {
      "index": 96,
      "question": "A popular tool for joining two sides of fabric, used in clothing, bags, etc.?",
      "answer": "Zipper"
  },
  {
      "index": 97,
      "question": "A unit of electrical potential difference between two points in an electrical circuit?",
      "answer": "Voltage"
  },
  {
      "index": 98,
      "question": "A social system that gives great power to the nobility?",
      "answer": "Feudalism"
  },
  {
      "index": 99,
      "question": "The name of an artificial/synthetic sweetener composed of two types of amino acids?",
      "answer": "Aspartame"
  },
  {
      "index": 100,
      "question": "The first video game console produced by Sony in the 1990s?",
      "answer": "PlayStation"
  },
  {
      "index": 101,
      "question": "Another name for the island of Kalimantan, used during the Dutch East Indies government era?",
      "answer": "Borneo"
  },
  {
      "index": 102,
      "question": "A gemstone or precious stone with a color in the green range?",
      "answer": "Emerald"
  },
  {
      "index": 103,
      "question": "The name of a history and culture museum in Yogyakarta?",
      "answer": "Sonobudoyo"
  },
  {
      "index": 104,
      "question": "The branch of medicine that studies the aspects of human mental and physical health?",
      "answer": "Psychiatry"
  },
  {
      "index": 105,
      "question": "The first president of the United States, who is also the name of the capital city of the United States?",
      "answer": "Washington"
  },
  {
      "index": 106,
      "question": "The only type of mammal that can fly?",
      "answer": "Bat"
  },
  {
      "index": 107,
      "question": "An archipelago in Oceania, consisting of more than 1000 islands?",
      "answer": "Polynesia"
  },
  {
      "index": 108,
      "question": "A title for a monarch during the kingdom era, equivalent to an emperor?",
      "answer": "Maharaja"
  },
  {
      "index": 109,
      "question": "The name of the island closest to Singapore?",
      "answer": "Batam"
  },
  {
      "index": 110,
      "question": "A branch of the armed forces capable of performing amphibious assaults?",
      "answer": "Marines"
  },
  {
      "index": 111,
      "question": "A cellular operator company in Indonesia with the most customers?",
      "answer": "Telkomsel"
  },
  {
      "index": 112,
      "question": "The name of a ten-legged, shelled animal?",
      "answer": "Crab"
  },
  {
      "index": 113,
      "question": "A miniature object to depict a scene or setting?",
      "answer": "Diorama"
  },
  {
      "index": 114,
      "question": "The traditional house of the Toraja people, with a curved roof resembling a boat?",
      "answer": "Tongkonan"
  },
  {
      "index": 115,
      "question": "The cave that became the headquarters of Prince Diponegoro in 1825?",
      "answer": "Selarong"
  },
  {
      "index": 116,
      "question": "A term for a female being who lives in kahyangan/heaven?",
      "answer": "Nymph"
  },
  {
      "index": 117,
      "question": "A curved, single-edged sword used by Japanese Samurai?",
      "answer": "Katana"
  },
  {
      "index": 118,
      "question": "A jewelry material produced inside the soft tissue of a mollusk?",
      "answer": "Pearl"
  },
  {
      "index": 119,
      "question": "The name of a Finnish company that developed the game Clash of Clans?",
      "answer": "Supercell"
  },
  {
      "index": 120,
      "question": "A traditional Sundanese beverage, made from palm sugar and coconut milk?",
      "answer": "Bajigur"
  },
  {
      "index": 121,
      "question": "A music genre originally developed in Jamaica in the 1960s?",
      "answer": "Reggae"
  },
  {
      "index": 122,
      "question": "A traditional drama from East Java, that is entertaining and makes people laugh?",
      "answer": "Ludruk"
  },
  {
      "index": 123,
      "question": "The name of the fictional school dormitory where the character Harry Potter studies magic?",
      "answer": "Hogwarts"
  },
  {
      "index": 124,
      "question": "A city whose name originated from its history as a producer of shrimp paste (terasi)?",
      "answer": "Cirebon"
  },
  {
      "index": 125,
      "question": "A public official in the legal field authorized to create authentic deeds?",
      "answer": "Notary"
  },
  {
      "index": 126,
      "question": "A type of sugar processed from carbohydrates by the human body?",
      "answer": "Glucose"
  },
  {
      "index": 127,
      "question": "A small, curved, handheld knife typical of Southeast Asia?",
      "answer": "Kerambit"
  },
  {
      "index": 128,
      "question": "An ancient elephant species from the genus 'mammut', that ate leaves and tree branches?",
      "answer": "Mastodon"
  },
  {
      "index": 129,
      "question": "The oath made by Gajah Mada during his inauguration ceremony as Patih?",
      "answer": "Palapa"
  },
  {
      "index": 130,
      "question": "A bank savings product that can only be withdrawn at a certain time?",
      "answer": "Deposit"
  },
  {
      "index": 131,
      "question": "An optical and meteorological phenomenon of multi-colored light appearing in the sky?",
      "answer": "Rainbow"
  },
  {
      "index": 132,
      "question": "A military rocket weapon with an automatic control system to find targets?",
      "answer": "Missile"
  },
  {
      "index": 133,
      "question": "An organized crime syndicate in Japan that has its own ways and laws?",
      "answer": "Yakuza"
  },
  {
      "index": 134,
      "question": "The intellectual class who are also the 'karya' or 'warna' class in Hinduism?",
      "answer": "Brahmin"
  },
  {
      "index": 135,
      "question": "The dry season in tropical areas influenced by the monsoon system?",
      "answer": "Dry season"
  },
  {
      "index": 136,
      "question": "A public school with a curriculum that includes Islamic studies?",
      "answer": "Madrasah"
  },
  {
      "index": 137,
      "question": "A plant that can grow without water for a long time, found in desert areas?",
      "answer": "Cactus"
  },
  {
      "index": 138,
      "question": "A five-fingered order of mammals, including lemurs, apes, and humans?",
      "answer": "Primate"
  },
  {
      "index": 139,
      "question": "A traditional women's blouse made of thin material, worn with a sarong or batik?",
      "answer": "Kebaya"
  },
  {
      "index": 140,
      "question": "A type of protein usually contained in wheat, avoided by celiac sufferers?",
      "answer": "Gluten"
  },
  {
      "index": 141,
      "question": "A martial art developed by Africans in Brazil in the 1500s?",
      "answer": "Capoeira"
  },
  {
      "index": 142,
      "question": "The event of erosion of solids such as rocks/soil due to the transport of wind, water, or ice?",
      "answer": "Erosion"
  },
  {
      "index": 143,
      "question": "A fish that is a close relative of tuna, often processed into crackers, siomay, and pempek?",
      "answer": "Mackerel"
  },
  {
      "index": 144,
      "question": "A traditional social dance of the Sundanese people, especially from the Karawang area?",
      "answer": "Jaipongan"
  },
  {
      "index": 145,
      "question": "A number system where numbers are written using two symbols, 0 and 1?",
      "answer": "Binary"
  },
  {
      "index": 146,
      "question": "A spice from the ginger family's seeds, which is the third most expensive spice in the world?",
      "answer": "Cardamom"
  },
  {
      "index": 147,
      "question": "The continent that covers the South Pole of the earth and has a very low temperature?",
      "answer": "Antarctica"
  },
  {
      "index": 148,
      "question": "A catapult weapon widely used in the Middle Ages to destroy walls?",
      "answer": "Trebuchet"
  },
  {
      "index": 149,
      "question": "White flakes that are the result of excessive dead skin exfoliation on the head?",
      "answer": "Dandruff"
  },
  {
      "index": 150,
      "question": "The science that studies the language in ancient manuscript texts?",
      "answer": "Philology"
  },
  {
      "index": 151,
      "question": "Milk that is only produced in the final stages of pregnancy a few days after giving birth?",
      "answer": "Colostrum"
  },
  {
      "index": 152,
      "question": "A plant native to Japan that tastes sharp/spicy and is eaten as a seasoning in Japanese cuisine?",
      "answer": "Wasabi"
  },
  {
      "index": 153,
      "question": "A sport that uses a bat, and the field is square-shaped?",
      "answer": "Baseball"
  },
  {
      "index": 154,
      "question": "A unique seasoning for Batak Toba cuisine, also known as Batak pepper?",
      "answer": "Andaliman"
  },
  {
      "index": 155,
      "question": "A system of government adopted by the countries of England, Japan, the Netherlands, Malaysia, and Singapore?",
      "answer": "Parliamentary"
  },
  {
      "index": 156,
      "question": "A traditional Korean dish of fermented and spicy seasoned vegetables?",
      "answer": "Kimchi"
  },
  {
      "index": 157,
      "question": "A term for something with a social or environmental purpose, not aimed at material gain?",
      "answer": "Non-profit"
  },
  {
      "index": 158,
      "question": "A movement that fights for equality for women in politics, economy, culture, etc.?",
      "answer": "Feminism"
  },
  {
      "index": 159,
      "question": "A beverage made from fermented tea and sugar originating from East Asia?",
      "answer": "Kombucha"
  },
  {
      "index": 160,
      "question": "A group of hardliners from Russia in 1903 who thought change must be won with weapons?",
      "answer": "Bolshevik"
  },
  {
      "index": 161,
      "question": "The name of a volcanic island in the middle of Lake Toba in North Sumatra?",
      "answer": "Samosir"
  },
  {
      "index": 162,
      "question": "A soldier in Ancient Greece, who served as a spearman in a phalanx formation?",
      "answer": "Hoplite"
  },
  {
      "index": 163,
      "question": "The name of a week that consists of 5 days in Javanese and Balinese culture?",
      "answer": "Pancawara"
  },
  {
      "index": 164,
      "question": "A way of serving food during the Dutch colonial era with various archipelago dishes?",
      "answer": "Rijsttafel"
  },
  {
      "index": 165,
      "question": "A term for a cultivation method that uses water without soil?",
      "answer": "Hydroponics"
  },
  {
      "index": 166,
      "question": "The most abundant type of metal on Earth, which is the best electrical conductor?",
      "answer": "Aluminum"
  },
  {
      "index": 167,
      "question": "An economic organization based on a people's economy and the principle of kinship?",
      "answer": "Cooperative"
  },
  {
      "index": 168,
      "question": "A Hindu holiday celebrated every 210 days using the Balinese calendar?",
      "answer": "Galungan"
  },
  {
      "index": 169,
      "question": "The science that studies the shape of the Earth's surface and the surface of planets, natural satellites, and asteroids?",
      "answer": "Topography"
  },
  {
      "index": 170,
      "question": "An offering to gods or the spirits of ancestors by followers of ancient beliefs in Indonesia?",
      "answer": "Sesajen"
  },
  {
      "index": 171,
      "question": "The title of a Korean folk song, as well as a symbol of Korea, known in both North and South Korea?",
      "answer": "Arirang"
  },
  {
      "index": 172,
      "question": "A term for a nomadic nation that chooses to live by moving from place to place to survive?",
      "answer": "Nomad"
  },
  {
      "index": 173,
      "question": "A type of rare pine mushroom that is an expensive delicacy in Japan?",
      "answer": "Matsutake"
  },
  {
      "index": 174,
      "question": "A community custom that regulates the line of descent from the mother's side?",
      "answer": "Matrilineal"
  },
  {
      "index": 175,
      "question": "A grassland filled with shrubs and some types of scattered trees?",
      "answer": "Savanna"
  },
  {
      "index": 176,
      "question": "The Italian explorer who discovered the American continent in 1492?",
      "answer": "Columbus"
  },
  {
      "index": 177,
      "question": "A score or scale used to assess the health condition of a newborn baby?",
      "answer": "Apgar"
  },
  {
      "index": 178,
      "question": "One of the islands in North Sulawesi that has the highest marine biodiversity in the world?",
      "answer": "Bunaken"
  },
  {
      "index": 179,
      "question": "An expert in applying financial science and statistical theory to actual business problems?",
      "answer": "Actuary"
  },
  {
      "index": 180,
      "question": "The tradition of a newly married couple asking for blessings from the parents of both sides?",
      "answer": "Sungkeman"
  },
  {
      "index": 181,
      "question": "A type of white sauce made from vegetable oil, chicken eggs, and vinegar?",
      "answer": "Mayonnaise"
  },
  {
      "index": 182,
      "question": "A term that means not casting a vote or taking a stance in a ballot?",
      "answer": "Abstain"
  },
  {
      "index": 183,
      "question": "One of Indonesia's national flowers, nicknamed the 'puspa bangsa'?",
      "answer": "Jasmine"
  },
  {
      "index": 184,
      "question": "A string musical instrument played by plucking, originating from Rote, NTT?",
      "answer": "Sasando"
  },
  {
      "index": 185,
      "question": "A rock formation that hangs and drips water from the ceiling of a limestone cave?",
      "answer": "Stalactite"
  },
  {
      "index": 186,
      "question": "An icon of Singapore in the form of a statue with a lion's head and a fish's body?",
      "answer": "Merlion"
  },
  {
      "index": 187,
      "question": "A term in chess when the king's position cannot escape from the opponent's moves?",
      "answer": "Checkmate"
  },
  {
      "index": 188,
      "question": "An instrument for measuring air pressure, used in weather forecasting?",
      "answer": "Barometer"
  },
  {
      "index": 189,
      "question": "The 32nd American president, the only one to be elected 4 times?",
      "answer": "Roosevelt"
  },
  {
      "index": 190,
      "question": "A type of traditional Javanese architectural house built with four main pillars?",
      "answer": "Limasan"
  },
  {
      "index": 191,
      "question": "A Japanese term for a picture character used in electronic messages?",
      "answer": "Emoji"
  },
  {
      "index": 192,
      "question": "A typical Nusantara dagger weapon, whose blade is often winding?",
      "answer": "Keris"
  },
  {
      "index": 193,
      "question": "The indigenous people of the Australian continent characterized by dark skin and curly hair?",
      "answer": "Aborigine"
  },
  {
      "index": 194,
      "question": "A dance typical of the Gayo tribe from Aceh, performed to celebrate important events?",
      "answer": "Saman dance"
  },
  {
      "index": 195,
      "question": "The young form of an insect or amphibian that develops through metamorphosis?",
      "answer": "Larva"
  },
  {
      "index": 196,
      "question": "A place where ships are moored in a port for loading and unloading goods?",
      "answer": "Pier"
  },
  {
      "index": 197,
      "question": "A type of wristwatch powered by an electric or battery-operated machine?",
      "answer": "Quartz"
  },
  {
      "index": 198,
      "question": "The tribe of Hindus who live around the Bromo and Semeru mountains?",
      "answer": "Tengger"
  },
  {
      "index": 199,
      "question": "A toy that can rotate on an axis and be balanced at a certain point?",
      "answer": "Top"
  },
  {
      "index": 200,
      "question": "A legume plant that is the world's main source of vegetable protein?",
      "answer": "Soybean"
  },
  {
      "index": 201,
      "question": "A colorless, odorless liquid, used as a chemical weapon of mass destruction?",
      "answer": "Sarin"
  },
  {
      "index": 202,
      "question": "The branch of dentistry that specializes in the science of straightening teeth?",
      "answer": "Orthodontics"
  },
  {
      "index": 203,
      "question": "A term that comes from the Italian language, meaning a female ballet dancer?",
      "answer": "Ballerina"
  },
  {
      "index": 204,
      "question": "The terraced rice fields in Bali that are recognized by UNESCO as a World Cultural Heritage Site?",
      "answer": "Jatiluwih"
  },
  {
      "index": 205,
      "question": "A staple food that replaces rice, made from cassava or tapioca?",
      "answer": "Tiwul"
  },
  {
      "index": 206,
      "question": "The part of the eye that converts light into nerve signals?",
      "answer": "Retina"
  },
  {
      "index": 207,
      "question": "The name of the encryption machine used by Nazi Germany in World War II?",
      "answer": "Enigma"
  },
  {
      "index": 208,
      "question": "Cosmetics made from wax, pigments, and oil, applied to the lips?",
      "answer": "Lipstick"
  },
  {
      "index": 209,
      "question": "A food seasoning made from fermented soybeans, flour, and salt?",
      "answer": "Tauco"
  },
  {
      "index": 210,
      "question": "A tiny animal that can reduce the productivity of the animal it parasitizes?",
      "answer": "Parasite"
  },
  {
      "index": 211,
      "question": "A sweet liquid produced by flowers to attract pollinating animals?",
      "answer": "Nectar"
  },
  {
      "index": 212,
      "question": "The process of creating new land from the seabed or riverbed?",
      "answer": "Reclamation"
  },
  {
      "index": 213,
      "question": "A term for the state of intention before performing the Hajj or Umrah pilgrimage?",
      "answer": "Ihram"
  },
  {
      "index": 214,
      "question": "A string instrument typical of the Banjar tribe, played by plucking?",
      "answer": "Panting"
  },
  {
      "index": 215,
      "question": "A deadly viral disease that spread in West Africa in 2014?",
      "answer": "Ebola"
  },
  {
      "index": 216,
      "question": "A type of civet known for eating whole coffee beans?",
      "answer": "Luwak"
  },
  {
      "index": 217,
      "question": "The name of the sword owned by King Arthur according to British mythology?",
      "answer": "Excalibur"
  },
  {
      "index": 218,
      "question": "A country that has a red and white flag exactly like Indonesia's?",
      "answer": "Monaco"
  },
  {
      "index": 219,
      "question": "A theatrical performance that uses body language without sound?",
      "answer": "Pantomime"
  },
  {
      "index": 220,
      "question": "A wedding tradition where the female bride-to-be is not allowed to leave the house?",
      "answer": "Pingitan"
  },
  {
      "index": 221,
      "question": "A type of animal that is active at night and sleeps during the day?",
      "answer": "Nocturnal"
  },
  {
      "index": 222,
      "question": "A congenital disorder with the absence of melanin pigment in the eyes, skin, and hair?",
      "answer": "Albinism"
  },
  {
      "index": 223,
      "question": "The branch of linguistics that studies the origin of words?",
      "answer": "Etymology"
  },
  {
      "index": 224,
      "question": "A type of fish that can jump onto land, found on the island of Kalimantan?",
      "answer": "Mudskipper"
  },
  {
      "index": 225,
      "question": "An electronic currency with blockchain technology created in 2009?",
      "answer": "Bitcoin"
  },
  {
      "index": 226,
      "question": "The largest cigarette entrepreneur in 1918, owner of the 'tjap bal tiga' clove cigarette factory?",
      "answer": "Nitisemito"
  },
  {
      "index": 227,
      "question": "This expressionist painter is known as the master of Indonesian painting?",
      "answer": "Affandi"
  }
]
